"id","value"
1,0.943156081484631
2,0.762020672671497
3,0.836166275199503
4,0.119607501430437
5,0.0731366663239896
6,0.273887234507129
7,0.471081278985366
8,0.700044413795695
9,0.554478794103488
10,0.534339215839282
11,0.185367423575372
12,0.132427882170305
13,0.109465113375336
14,0.566660864278674
15,0.950353327905759
16,0.251216414850205
17,0.844564870232716
18,0.93737970595248
19,0.973160472465679
20,0.820226127980277
21,0.732425003778189
22,0.00544072594493628
23,0.435169480973855
